log_id,customer_id,date,time,speaker,line
L001,C001,2025-03-10,10:32,AGENT,"Good morning, this is Ravi from SwiftRoute. Am I speaking with the operations team at Apex Retail?"
L002,C001,2025-03-10,10:32,CUSTOMER,"Yes, this is Dinesh. Look, I've been waiting for order ORD-1019 since yesterday morning. This is unacceptable."
L003,C001,2025-03-10,10:33,AGENT,"I completely understand your frustration, Mr. Dinesh. Let me pull up that order right away."
L004,C001,2025-03-10,10:33,CUSTOMER,"We had a product launch today and the display units haven't arrived. This is costing us money."
L005,C001,2025-03-10,10:34,AGENT,"I'm so sorry about that. The delay was due to a route change. I'm escalating this to priority right now."
L006,C001,2025-03-10,10:35,CUSTOMER,"I need some kind of compensation. This is the second time this month."
L007,C001,2025-03-10,10:35,AGENT,"Absolutely, I'll flag this for a service credit. Our account manager will call within 2 hours."
L008,C001,2025-03-10,10:36,CUSTOMER,"Fine. But if this happens again we'll need to discuss our contract."
L009,C003,2025-03-22,14:10,AGENT,"Hi, this is Meera from SwiftRoute. Calling to check in on your experience this week."
L010,C003,2025-03-22,14:10,CUSTOMER,"Oh hi Meera! Everything has been great. Your team is very reliable and consistent."
L011,C003,2025-03-22,14:11,AGENT,"Wonderful! We're rolling out same-day cold-chain delivery for food customers next month."
L012,C003,2025-03-22,14:11,CUSTOMER,"That would be fantastic for us! We deal with perishables and faster delivery means less waste."
L013,C003,2025-03-22,14:12,AGENT,"Perfect! At your current volume you qualify for Platinum Plus tier."
L014,C003,2025-03-22,14:13,CUSTOMER,"What does that include? We're always looking to reduce logistics costs."
L015,C003,2025-03-22,14:13,AGENT,"A 12% discount on all routes, dedicated manager, and real-time tracking dashboard."
L016,C003,2025-03-22,14:14,CUSTOMER,"Please send us the details. We'll almost certainly upgrade. Our CEO is very impressed with your service."
L017,C005,2025-03-25,09:15,AGENT,"Hello, this is Arjun from SwiftRoute support regarding your recent deliveries."
L018,C005,2025-03-25,09:15,CUSTOMER,"Issues? Six packages are missing or damaged. SIX. This is absolutely ridiculous."
L019,C005,2025-03-25,09:16,AGENT,"I sincerely apologize. I can see the incidents logged on your account."
L020,C005,2025-03-25,09:16,CUSTOMER,"Your agents are careless. Electronics are fragile. We have lost clients because of you."
L021,C005,2025-03-25,09:17,AGENT,"That's a serious impact and I take full responsibility. Can you share the specific order IDs?"
L022,C005,2025-03-25,09:18,CUSTOMER,"I've sent them three times by email! Nobody reads anything here!"
L023,C005,2025-03-25,09:19,AGENT,"You're right, there's been a communication failure and I own that completely."
L024,C005,2025-03-25,09:20,CUSTOMER,"If I don't have a resolution plan by Friday I'm moving to QuickShip. I've already had a call with them."
L025,C005,2025-03-25,09:21,AGENT,"I hear you clearly. Our director will call you before 3pm today. Will that work?"
L026,C005,2025-03-25,09:22,CUSTOMER,"Fine. But I am done being patient. This is your last chance."
L027,C006,2025-03-27,16:05,AGENT,"Good afternoon, calling from SwiftRoute regarding order ORD-1026."
L028,C006,2025-03-27,16:05,CUSTOMER,"Don't even start. The delivery failed again. I had customers waiting in store. This is a disaster."
L029,C006,2025-03-27,16:06,AGENT,"I understand this is very upsetting. Let me check what happened."
L030,C006,2025-03-27,16:06,CUSTOMER,"What happened is your company is completely incompetent. I want to cancel my contract now."
L031,C006,2025-03-27,16:07,AGENT,"I really do not want to lose you. Can I ask what would make this right?"
L032,C006,2025-03-27,16:07,CUSTOMER,"Nothing at this point. I've been complaining since November. Zero improvement. It's pathetic."
L033,C006,2025-03-27,16:08,AGENT,"I hear how let down you feel. Would you be open to a call with our operations head tomorrow?"
L034,C006,2025-03-27,16:09,CUSTOMER,"I'll take the call but I'm not promising anything. I'm already looking at competitors."
L035,C006,2025-03-27,16:09,AGENT,"That's fair. I'll schedule that first thing. And I'll apply a full refund for today immediately."
L036,C006,2025-03-27,16:10,CUSTOMER,"Fine. But I've had enough. This is your absolute last chance with me."
L037,C002,2025-03-20,11:30,AGENT,"Hi, this is Priya from SwiftRoute. I'm following up on your delivery this morning."
L038,C002,2025-03-20,11:30,CUSTOMER,"Yes, the delivery was late again. This is the third time this month. I'm frustrated."
L039,C002,2025-03-20,11:31,AGENT,"I'm really sorry to hear that. Let me look into the delay right away."
L040,C002,2025-03-20,11:31,CUSTOMER,"The problem is reliability. We're a grocery hub — timing is everything for us."
L041,C002,2025-03-20,11:32,AGENT,"Completely understood. I'm flagging your account for priority routing starting tomorrow."
L042,C002,2025-03-20,11:33,CUSTOMER,"That's what you said last time. I'm okay with giving it one more try but honestly I'm not happy."
L043,C002,2025-03-20,11:33,AGENT,"I hear you and I understand your concern. You'll see an improvement this week, I promise."
